id,name,address,description,virtualTour
1,Vinder,84 Longview Avenue,ipsum aliquam non mauris morbi non lectus aliquam sit amet,http://furl.net/ut/ultrices/vel/augue/vestibulum/ante/ipsum.html?ultrices=quis&aliquet=orci&maecenas=nullam&leo=molestie&odio=nibh&condimentum=in&id=lectus&luctus=pellentesque&nec=at&molestie=nulla&sed=suspendisse&justo=potenti&pellentesque=cras&viverra=in&pede=purus&ac=eu&diam=magna&cras=vulputate&pellentesque=luctus&volutpat=cum&dui=sociis&maecenas=natoque&tristique=penatibus&est=et&et=magnis&tempus=dis&semper=parturient&est=montes&quam=nascetur&pharetra=ridiculus&magna=mus&ac=vivamus&consequat=vestibulum&metus=sagittis&sapien=sapien&ut=cum&nunc=sociis&vestibulum=natoque&ante=penatibus&ipsum=et&primis=magnis&in=dis
2,Vidoo,626 Mifflin Crossing,quisque arcu libero rutrum ac lobortis vel dapibus at diam nam tristique,https://amazon.co.jp/mi/pede/malesuada/in.xml?erat=in&id=tempor&mauris=turpis&vulputate=nec&elementum=euismod&nullam=scelerisque&varius=quam&nulla=turpis&facilisi=adipiscing&cras=lorem&non=vitae
3,Yombu,47 Kipling Parkway,lacinia eget tincidunt eget tempus vel pede morbi porttitor lorem id ligula suspendisse ornare consequat lectus in est,http://mayoclinic.com/mus/etiam/vel/augue/vestibulum/rutrum/rutrum.xml?quisque=vitae&porta=nisl&volutpat=aenean&erat=lectus&quisque=pellentesque
4,Centizu,8 Toban Drive,porta volutpat quam pede lobortis ligula sit amet eleifend pede,https://amazon.co.jp/morbi/porttitor.png?aliquet=platea&pulvinar=dictumst&sed=etiam&nisl=faucibus&nunc=cursus&rhoncus=urna&dui=ut&vel=tellus&sem=nulla&sed=ut&sagittis=erat&nam=id&congue=mauris&risus=vulputate&semper=elementum&porta=nullam&volutpat=varius&quam=nulla&pede=facilisi&lobortis=cras&ligula=non&sit=velit&amet=nec&eleifend=nisi&pede=vulputate&libero=nonummy&quis=maecenas&orci=tincidunt&nullam=lacus&molestie=at&nibh=velit&in=vivamus&lectus=vel&pellentesque=nulla&at=eget&nulla=eros&suspendisse=elementum&potenti=pellentesque&cras=quisque&in=porta&purus=volutpat&eu=erat&magna=quisque&vulputate=erat&luctus=eros&cum=viverra&sociis=eget&natoque=congue&penatibus=eget&et=semper&magnis=rutrum&dis=nulla
5,Kwilith,50 Amoth Junction,diam vitae quam suspendisse potenti nullam porttitor lacus at turpis donec posuere metus vitae ipsum aliquam non mauris morbi,http://com.com/consequat/nulla.html?quis=odio&orci=condimentum&eget=id&orci=luctus&vehicula=nec&condimentum=molestie&curabitur=sed&in=justo&libero=pellentesque&ut=viverra&massa=pede&volutpat=ac&convallis=diam&morbi=cras&odio=pellentesque&odio=volutpat&elementum=dui&eu=maecenas&interdum=tristique&eu=est&tincidunt=et
6,Topicblab,28 Autumn Leaf Terrace,nisl nunc nisl duis bibendum felis sed interdum venenatis turpis enim blandit mi in,https://booking.com/dui/vel/sem/sed.html?quis=lectus&tortor=vestibulum&id=quam&nulla=sapien&ultrices=varius&aliquet=ut&maecenas=blandit&leo=non&odio=interdum&condimentum=in&id=ante&luctus=vestibulum&nec=ante&molestie=ipsum&sed=primis&justo=in&pellentesque=faucibus&viverra=orci&pede=luctus&ac=et&diam=ultrices&cras=posuere&pellentesque=cubilia&volutpat=curae&dui=duis&maecenas=faucibus&tristique=accumsan&est=odio&et=curabitur&tempus=convallis&semper=duis&est=consequat&quam=dui&pharetra=nec&magna=nisi&ac=volutpat&consequat=eleifend&metus=donec&sapien=ut
7,Cogilith,6111 Northview Pass,vestibulum sagittis sapien cum sociis natoque penatibus et magnis dis parturient montes nascetur ridiculus mus etiam vel augue vestibulum,https://plala.or.jp/aliquam/sit/amet/diam/in.xml?pede=faucibus&malesuada=orci&in=luctus&imperdiet=et&et=ultrices&commodo=posuere&vulputate=cubilia&justo=curae&in=duis&blandit=faucibus&ultrices=accumsan&enim=odio&lorem=curabitur&ipsum=convallis&dolor=duis&sit=consequat&amet=dui&consectetuer=nec&adipiscing=nisi&elit=volutpat&proin=eleifend&interdum=donec&mauris=ut
8,Gigabox,953 Warbler Hill,consectetuer adipiscing elit proin risus praesent lectus vestibulum quam sapien varius ut blandit non interdum in ante vestibulum ante,http://dion.ne.jp/vitae/quam/suspendisse.html?maecenas=turpis&tristique=eget&est=elit&et=sodales&tempus=scelerisque&semper=mauris&est=sit&quam=amet&pharetra=eros&magna=suspendisse&ac=accumsan&consequat=tortor&metus=quis&sapien=turpis&ut=sed&nunc=ante&vestibulum=vivamus&ante=tortor&ipsum=duis&primis=mattis&in=egestas&faucibus=metus&orci=aenean&luctus=fermentum&et=donec&ultrices=ut&posuere=mauris&cubilia=eget&curae=massa&mauris=tempor&viverra=convallis&diam=nulla&vitae=neque&quam=libero&suspendisse=convallis&potenti=eget&nullam=eleifend&porttitor=luctus&lacus=ultricies&at=eu&turpis=nibh&donec=quisque&posuere=id&metus=justo&vitae=sit&ipsum=amet&aliquam=sapien&non=dignissim&mauris=vestibulum&morbi=vestibulum&non=ante&lectus=ipsum&aliquam=primis&sit=in&amet=faucibus&diam=orci&in=luctus&magna=et&bibendum=ultrices&imperdiet=posuere&nullam=cubilia&orci=curae&pede=nulla&venenatis=dapibus&non=dolor&sodales=vel&sed=est&tincidunt=donec&eu=odio&felis=justo&fusce=sollicitudin&posuere=ut&felis=suscipit&sed=a&lacus=feugiat&morbi=et&sem=eros&mauris=vestibulum&laoreet=ac&ut=est&rhoncus=lacinia&aliquet=nisi&pulvinar=venenatis&sed=tristique&nisl=fusce&nunc=congue&rhoncus=diam&dui=id
9,Feedbug,94349 Messerschmidt Place,lorem ipsum dolor sit amet consectetuer adipiscing elit proin risus praesent,http://arizona.edu/elementum.jpg?volutpat=neque&in=sapien&congue=placerat&etiam=ante&justo=nulla&etiam=justo&pretium=aliquam&iaculis=quis&justo=turpis&in=eget&hac=elit&habitasse=sodales&platea=scelerisque&dictumst=mauris&etiam=sit&faucibus=amet&cursus=eros&urna=suspendisse&ut=accumsan&tellus=tortor&nulla=quis&ut=turpis&erat=sed&id=ante&mauris=vivamus&vulputate=tortor&elementum=duis&nullam=mattis&varius=egestas&nulla=metus&facilisi=aenean&cras=fermentum&non=donec&velit=ut&nec=mauris&nisi=eget&vulputate=massa&nonummy=tempor&maecenas=convallis&tincidunt=nulla&lacus=neque&at=libero&velit=convallis&vivamus=eget&vel=eleifend&nulla=luctus&eget=ultricies&eros=eu&elementum=nibh&pellentesque=quisque&quisque=id&porta=justo&volutpat=sit&erat=amet
10,Omba,007 Novick Hill,erat tortor sollicitudin mi sit amet lobortis sapien sapien non,https://si.edu/condimentum/curabitur/in/libero/ut.aspx?ac=aenean&est=sit&lacinia=amet&nisi=justo&venenatis=morbi&tristique=ut&fusce=odio&congue=cras&diam=mi&id=pede&ornare=malesuada&imperdiet=in&sapien=imperdiet&urna=et&pretium=commodo&nisl=vulputate&ut=justo&volutpat=in&sapien=blandit&arcu=ultrices&sed=enim&augue=lorem&aliquam=ipsum&erat=dolor&volutpat=sit&in=amet&congue=consectetuer&etiam=adipiscing&justo=elit&etiam=proin&pretium=interdum&iaculis=mauris
11,Yadel,5 Dennis Pass,placerat praesent blandit nam nulla integer pede justo lacinia eget tincidunt eget tempus,https://gnu.org/ut/mauris/eget/massa.jsp?morbi=in&non=tempor&quam=turpis&nec=nec&dui=euismod&luctus=scelerisque&rutrum=quam&nulla=turpis&tellus=adipiscing&in=lorem&sagittis=vitae&dui=mattis&vel=nibh&nisl=ligula&duis=nec&ac=sem&nibh=duis&fusce=aliquam&lacus=convallis&purus=nunc&aliquet=proin&at=at&feugiat=turpis&non=a&pretium=pede&quis=posuere&lectus=nonummy&suspendisse=integer&potenti=non&in=velit&eleifend=donec&quam=diam&a=neque&odio=vestibulum&in=eget&hac=vulputate&habitasse=ut&platea=ultrices&dictumst=vel&maecenas=augue&ut=vestibulum&massa=ante&quis=ipsum&augue=primis&luctus=in&tincidunt=faucibus&nulla=orci&mollis=luctus&molestie=et&lorem=ultrices&quisque=posuere&ut=cubilia&erat=curae&curabitur=donec&gravida=pharetra&nisi=magna&at=vestibulum&nibh=aliquet&in=ultrices&hac=erat&habitasse=tortor&platea=sollicitudin&dictumst=mi&aliquam=sit&augue=amet&quam=lobortis&sollicitudin=sapien&vitae=sapien&consectetuer=non&eget=mi&rutrum=integer&at=ac&lorem=neque&integer=duis&tincidunt=bibendum&ante=morbi&vel=non&ipsum=quam&praesent=nec&blandit=dui&lacinia=luctus&erat=rutrum&vestibulum=nulla&sed=tellus&magna=in&at=sagittis&nunc=dui&commodo=vel&placerat=nisl&praesent=duis&blandit=ac&nam=nibh
12,Meezzy,3 Bellgrove Point,nibh in hac habitasse platea dictumst aliquam augue quam sollicitudin vitae consectetuer eget rutrum,http://lulu.com/venenatis/turpis/enim.js?pharetra=consequat&magna=lectus&ac=in&consequat=est&metus=risus&sapien=auctor&ut=sed&nunc=tristique&vestibulum=in&ante=tempus&ipsum=sit&primis=amet&in=sem&faucibus=fusce&orci=consequat&luctus=nulla&et=nisl&ultrices=nunc&posuere=nisl&cubilia=duis&curae=bibendum&mauris=felis&viverra=sed&diam=interdum&vitae=venenatis&quam=turpis&suspendisse=enim&potenti=blandit&nullam=mi&porttitor=in&lacus=porttitor&at=pede&turpis=justo&donec=eu&posuere=massa&metus=donec&vitae=dapibus&ipsum=duis&aliquam=at&non=velit&mauris=eu&morbi=est&non=congue&lectus=elementum&aliquam=in&sit=hac&amet=habitasse&diam=platea
13,Camido,526 Coleman Point,massa id lobortis convallis tortor risus dapibus augue vel accumsan tellus nisi eu orci mauris lacinia sapien quis libero,http://addthis.com/nunc.jpg?ante=mi&vivamus=pede&tortor=malesuada&duis=in&mattis=imperdiet&egestas=et&metus=commodo&aenean=vulputate&fermentum=justo&donec=in&ut=blandit&mauris=ultrices&eget=enim&massa=lorem&tempor=ipsum&convallis=dolor&nulla=sit&neque=amet&libero=consectetuer&convallis=adipiscing&eget=elit&eleifend=proin&luctus=interdum&ultricies=mauris&eu=non&nibh=ligula&quisque=pellentesque&id=ultrices&justo=phasellus&sit=id&amet=sapien&sapien=in&dignissim=sapien&vestibulum=iaculis&vestibulum=congue&ante=vivamus&ipsum=metus&primis=arcu&in=adipiscing&faucibus=molestie&orci=hendrerit&luctus=at&et=vulputate&ultrices=vitae&posuere=nisl&cubilia=aenean&curae=lectus&nulla=pellentesque&dapibus=eget&dolor=nunc&vel=donec&est=quis&donec=orci&odio=eget&justo=orci&sollicitudin=vehicula&ut=condimentum&suscipit=curabitur&a=in&feugiat=libero&et=ut&eros=massa&vestibulum=volutpat&ac=convallis&est=morbi&lacinia=odio&nisi=odio&venenatis=elementum&tristique=eu&fusce=interdum&congue=eu&diam=tincidunt&id=in&ornare=leo&imperdiet=maecenas&sapien=pulvinar&urna=lobortis&pretium=est&nisl=phasellus&ut=sit&volutpat=amet&sapien=erat&arcu=nulla&sed=tempus&augue=vivamus&aliquam=in&erat=felis&volutpat=eu&in=sapien&congue=cursus&etiam=vestibulum&justo=proin&etiam=eu&pretium=mi&iaculis=nulla&justo=ac&in=enim&hac=in
14,Twinder,4 Monica Court,sit amet sapien dignissim vestibulum vestibulum ante ipsum primis in faucibus orci luctus et ultrices posuere,http://craigslist.org/eleifend.js?donec=morbi&odio=ut&justo=odio&sollicitudin=cras&ut=mi&suscipit=pede&a=malesuada&feugiat=in&et=imperdiet&eros=et&vestibulum=commodo&ac=vulputate&est=justo&lacinia=in&nisi=blandit&venenatis=ultrices&tristique=enim&fusce=lorem&congue=ipsum&diam=dolor&id=sit&ornare=amet&imperdiet=consectetuer&sapien=adipiscing&urna=elit&pretium=proin&nisl=interdum&ut=mauris&volutpat=non&sapien=ligula&arcu=pellentesque&sed=ultrices&augue=phasellus&aliquam=id&erat=sapien&volutpat=in&in=sapien&congue=iaculis&etiam=congue&justo=vivamus&etiam=metus&pretium=arcu&iaculis=adipiscing&justo=molestie&in=hendrerit&hac=at&habitasse=vulputate&platea=vitae&dictumst=nisl&etiam=aenean&faucibus=lectus&cursus=pellentesque&urna=eget&ut=nunc&tellus=donec&nulla=quis&ut=orci&erat=eget&id=orci&mauris=vehicula&vulputate=condimentum&elementum=curabitur&nullam=in&varius=libero&nulla=ut&facilisi=massa&cras=volutpat&non=convallis&velit=morbi&nec=odio&nisi=odio&vulputate=elementum&nonummy=eu&maecenas=interdum&tincidunt=eu&lacus=tincidunt&at=in&velit=leo
15,Devshare,41780 Harper Parkway,ante ipsum primis in faucibus orci luctus et ultrices posuere cubilia curae,http://bandcamp.com/feugiat/non/pretium/quis/lectus/suspendisse.html?sapien=nulla&quis=mollis&libero=molestie&nullam=lorem&sit=quisque&amet=ut&turpis=erat&elementum=curabitur&ligula=gravida&vehicula=nisi&consequat=at&morbi=nibh&a=in&ipsum=hac&integer=habitasse&a=platea&nibh=dictumst&in=aliquam&quis=augue&justo=quam&maecenas=sollicitudin
16,Ooba,94 Huxley Parkway,erat fermentum justo nec condimentum neque sapien placerat ante nulla justo aliquam quis,https://scientificamerican.com/morbi/vestibulum/velit/id.aspx?accumsan=praesent&odio=blandit&curabitur=lacinia&convallis=erat&duis=vestibulum&consequat=sed&dui=magna&nec=at&nisi=nunc&volutpat=commodo&eleifend=placerat&donec=praesent&ut=blandit&dolor=nam&morbi=nulla&vel=integer&lectus=pede&in=justo&quam=lacinia&fringilla=eget&rhoncus=tincidunt&mauris=eget&enim=tempus&leo=vel&rhoncus=pede&sed=morbi&vestibulum=porttitor&sit=lorem&amet=id
17,Twimbo,500 Pond Drive,malesuada in imperdiet et commodo vulputate justo in blandit ultrices enim lorem ipsum dolor sit,https://comcast.net/elementum.jsp?lorem=lacinia&quisque=aenean&ut=sit&erat=amet&curabitur=justo&gravida=morbi&nisi=ut&at=odio&nibh=cras&in=mi&hac=pede&habitasse=malesuada&platea=in&dictumst=imperdiet&aliquam=et&augue=commodo&quam=vulputate&sollicitudin=justo&vitae=in&consectetuer=blandit&eget=ultrices&rutrum=enim&at=lorem&lorem=ipsum&integer=dolor&tincidunt=sit&ante=amet&vel=consectetuer&ipsum=adipiscing&praesent=elit&blandit=proin&lacinia=interdum&erat=mauris&vestibulum=non&sed=ligula&magna=pellentesque&at=ultrices&nunc=phasellus&commodo=id&placerat=sapien&praesent=in&blandit=sapien&nam=iaculis&nulla=congue&integer=vivamus&pede=metus&justo=arcu&lacinia=adipiscing&eget=molestie&tincidunt=hendrerit&eget=at&tempus=vulputate&vel=vitae&pede=nisl&morbi=aenean&porttitor=lectus&lorem=pellentesque&id=eget&ligula=nunc&suspendisse=donec&ornare=quis&consequat=orci&lectus=eget&in=orci&est=vehicula&risus=condimentum&auctor=curabitur&sed=in&tristique=libero&in=ut&tempus=massa&sit=volutpat
18,Jetpulse,589 Anzinger Plaza,tristique est et tempus semper est quam pharetra magna ac,https://ucla.edu/proin/at/turpis.jsp?quam=dui&sollicitudin=vel&vitae=sem&consectetuer=sed&eget=sagittis&rutrum=nam&at=congue&lorem=risus&integer=semper&tincidunt=porta&ante=volutpat&vel=quam&ipsum=pede&praesent=lobortis&blandit=ligula&lacinia=sit&erat=amet&vestibulum=eleifend&sed=pede&magna=libero&at=quis&nunc=orci&commodo=nullam&placerat=molestie&praesent=nibh&blandit=in&nam=lectus&nulla=pellentesque&integer=at&pede=nulla&justo=suspendisse&lacinia=potenti&eget=cras&tincidunt=in&eget=purus&tempus=eu&vel=magna&pede=vulputate&morbi=luctus&porttitor=cum&lorem=sociis&id=natoque&ligula=penatibus&suspendisse=et&ornare=magnis&consequat=dis&lectus=parturient&in=montes&est=nascetur&risus=ridiculus&auctor=mus&sed=vivamus&tristique=vestibulum&in=sagittis
19,Trilia,502 Caliangt Court,nibh ligula nec sem duis aliquam convallis nunc proin at turpis a pede posuere nonummy integer non,https://amazonaws.com/sem/mauris/laoreet/ut/rhoncus/aliquet/pulvinar.aspx?sem=hac&mauris=habitasse&laoreet=platea&ut=dictumst&rhoncus=etiam&aliquet=faucibus&pulvinar=cursus&sed=urna&nisl=ut&nunc=tellus&rhoncus=nulla&dui=ut&vel=erat&sem=id&sed=mauris&sagittis=vulputate&nam=elementum&congue=nullam&risus=varius&semper=nulla&porta=facilisi&volutpat=cras&quam=non&pede=velit&lobortis=nec&ligula=nisi&sit=vulputate&amet=nonummy&eleifend=maecenas&pede=tincidunt&libero=lacus&quis=at&orci=velit&nullam=vivamus&molestie=vel&nibh=nulla&in=eget&lectus=eros&pellentesque=elementum&at=pellentesque&nulla=quisque&suspendisse=porta&potenti=volutpat&cras=erat&in=quisque&purus=erat&eu=eros&magna=viverra&vulputate=eget&luctus=congue&cum=eget&sociis=semper&natoque=rutrum&penatibus=nulla&et=nunc&magnis=purus&dis=phasellus&parturient=in&montes=felis&nascetur=donec&ridiculus=semper&mus=sapien&vivamus=a&vestibulum=libero&sagittis=nam&sapien=dui&cum=proin&sociis=leo
20,Flipopia,415 Gulseth Park,suspendisse potenti nullam porttitor lacus at turpis donec posuere metus vitae,http://ameblo.jp/pede/venenatis/non/sodales/sed/tincidunt.json?dictumst=nulla&etiam=suspendisse&faucibus=potenti&cursus=cras&urna=in&ut=purus&tellus=eu&nulla=magna&ut=vulputate&erat=luctus&id=cum
21,Eadel,18726 Harbort Court,diam vitae quam suspendisse potenti nullam porttitor lacus at turpis donec posuere metus vitae ipsum aliquam non mauris morbi,https://amazonaws.com/bibendum.json?habitasse=sit&platea=amet&dictumst=sem&maecenas=fusce&ut=consequat&massa=nulla&quis=nisl&augue=nunc&luctus=nisl&tincidunt=duis&nulla=bibendum&mollis=felis&molestie=sed&lorem=interdum&quisque=venenatis&ut=turpis&erat=enim&curabitur=blandit&gravida=mi&nisi=in&at=porttitor
22,Tanoodle,9 Arrowood Center,eget eros elementum pellentesque quisque porta volutpat erat quisque erat eros viverra eget,http://tmall.com/justo/maecenas/rhoncus/aliquam.jpg?malesuada=quis&in=augue&imperdiet=luctus&et=tincidunt&commodo=nulla&vulputate=mollis&justo=molestie&in=lorem&blandit=quisque&ultrices=ut&enim=erat&lorem=curabitur&ipsum=gravida&dolor=nisi&sit=at&amet=nibh&consectetuer=in&adipiscing=hac&elit=habitasse&proin=platea&interdum=dictumst&mauris=aliquam&non=augue&ligula=quam&pellentesque=sollicitudin&ultrices=vitae&phasellus=consectetuer&id=eget&sapien=rutrum&in=at&sapien=lorem&iaculis=integer&congue=tincidunt&vivamus=ante&metus=vel&arcu=ipsum&adipiscing=praesent&molestie=blandit&hendrerit=lacinia&at=erat&vulputate=vestibulum&vitae=sed&nisl=magna&aenean=at&lectus=nunc&pellentesque=commodo&eget=placerat&nunc=praesent&donec=blandit&quis=nam&orci=nulla&eget=integer&orci=pede&vehicula=justo&condimentum=lacinia
23,Bubblebox,616 Fisk Terrace,sagittis sapien cum sociis natoque penatibus et magnis dis parturient montes nascetur ridiculus mus etiam vel augue vestibulum rutrum,http://woothemes.com/mattis/nibh/ligula/nec/sem/duis/aliquam.json?ut=posuere&massa=cubilia&volutpat=curae&convallis=duis&morbi=faucibus&odio=accumsan&odio=odio&elementum=curabitur&eu=convallis&interdum=duis&eu=consequat&tincidunt=dui&in=nec&leo=nisi&maecenas=volutpat&pulvinar=eleifend&lobortis=donec&est=ut&phasellus=dolor&sit=morbi&amet=vel&erat=lectus&nulla=in&tempus=quam&vivamus=fringilla&in=rhoncus&felis=mauris&eu=enim&sapien=leo&cursus=rhoncus&vestibulum=sed&proin=vestibulum&eu=sit&mi=amet&nulla=cursus&ac=id
24,Gigaclub,1291 Dottie Way,quisque id justo sit amet sapien dignissim vestibulum vestibulum ante ipsum primis in faucibus orci luctus et ultrices,https://homestead.com/pede/justo/eu.jsp?vel=in&ipsum=magna&praesent=bibendum&blandit=imperdiet&lacinia=nullam&erat=orci&vestibulum=pede&sed=venenatis&magna=non&at=sodales&nunc=sed&commodo=tincidunt&placerat=eu&praesent=felis&blandit=fusce&nam=posuere&nulla=felis&integer=sed&pede=lacus&justo=morbi&lacinia=sem&eget=mauris&tincidunt=laoreet&eget=ut&tempus=rhoncus&vel=aliquet&pede=pulvinar&morbi=sed&porttitor=nisl&lorem=nunc&id=rhoncus&ligula=dui&suspendisse=vel&ornare=sem&consequat=sed&lectus=sagittis&in=nam&est=congue&risus=risus&auctor=semper&sed=porta&tristique=volutpat&in=quam&tempus=pede&sit=lobortis&amet=ligula&sem=sit&fusce=amet&consequat=eleifend&nulla=pede&nisl=libero&nunc=quis&nisl=orci&duis=nullam&bibendum=molestie&felis=nibh&sed=in&interdum=lectus&venenatis=pellentesque&turpis=at&enim=nulla&blandit=suspendisse&mi=potenti&in=cras&porttitor=in&pede=purus&justo=eu&eu=magna&massa=vulputate&donec=luctus&dapibus=cum&duis=sociis&at=natoque&velit=penatibus&eu=et&est=magnis&congue=dis&elementum=parturient&in=montes&hac=nascetur&habitasse=ridiculus&platea=mus&dictumst=vivamus&morbi=vestibulum&vestibulum=sagittis&velit=sapien&id=cum&pretium=sociis&iaculis=natoque&diam=penatibus&erat=et
25,Twitterbridge,257 Maple Wood Junction,pulvinar sed nisl nunc rhoncus dui vel sem sed sagittis nam congue,http://qq.com/cubilia/curae/duis.jpg?sed=lobortis&lacus=convallis&morbi=tortor&sem=risus&mauris=dapibus&laoreet=augue&ut=vel&rhoncus=accumsan&aliquet=tellus&pulvinar=nisi&sed=eu&nisl=orci&nunc=mauris&rhoncus=lacinia&dui=sapien&vel=quis&sem=libero&sed=nullam&sagittis=sit&nam=amet&congue=turpis&risus=elementum&semper=ligula&porta=vehicula&volutpat=consequat&quam=morbi&pede=a&lobortis=ipsum&ligula=integer&sit=a&amet=nibh&eleifend=in&pede=quis&libero=justo&quis=maecenas&orci=rhoncus&nullam=aliquam&molestie=lacus&nibh=morbi&in=quis&lectus=tortor&pellentesque=id&at=nulla&nulla=ultrices&suspendisse=aliquet&potenti=maecenas&cras=leo&in=odio&purus=condimentum&eu=id&magna=luctus&vulputate=nec&luctus=molestie&cum=sed&sociis=justo&natoque=pellentesque&penatibus=viverra&et=pede&magnis=ac&dis=diam&parturient=cras&montes=pellentesque&nascetur=volutpat&ridiculus=dui&mus=maecenas&vivamus=tristique&vestibulum=est&sagittis=et&sapien=tempus&cum=semper&sociis=est&natoque=quam&penatibus=pharetra&et=magna&magnis=ac&dis=consequat&parturient=metus&montes=sapien&nascetur=ut&ridiculus=nunc&mus=vestibulum&etiam=ante&vel=ipsum&augue=primis&vestibulum=in&rutrum=faucibus&rutrum=orci&neque=luctus
26,Cogibox,3821 Ronald Regan Road,nibh in lectus pellentesque at nulla suspendisse potenti cras in purus eu magna vulputate luctus,https://prlog.org/semper/sapien/a/libero/nam/dui.png?felis=suspendisse&donec=ornare&semper=consequat&sapien=lectus&a=in&libero=est&nam=risus&dui=auctor&proin=sed&leo=tristique&odio=in&porttitor=tempus&id=sit&consequat=amet&in=sem&consequat=fusce&ut=consequat&nulla=nulla&sed=nisl&accumsan=nunc&felis=nisl&ut=duis&at=bibendum&dolor=felis&quis=sed&odio=interdum&consequat=venenatis&varius=turpis&integer=enim&ac=blandit&leo=mi&pellentesque=in&ultrices=porttitor&mattis=pede&odio=justo&donec=eu&vitae=massa&nisi=donec&nam=dapibus&ultrices=duis&libero=at&non=velit&mattis=eu&pulvinar=est&nulla=congue&pede=elementum&ullamcorper=in&augue=hac&a=habitasse&suscipit=platea&nulla=dictumst&elit=morbi&ac=vestibulum&nulla=velit&sed=id&vel=pretium&enim=iaculis&sit=diam&amet=erat&nunc=fermentum&viverra=justo&dapibus=nec&nulla=condimentum&suscipit=neque&ligula=sapien&in=placerat&lacus=ante&curabitur=nulla&at=justo&ipsum=aliquam&ac=quis&tellus=turpis&semper=eget&interdum=elit&mauris=sodales&ullamcorper=scelerisque&purus=mauris&sit=sit&amet=amet&nulla=eros&quisque=suspendisse&arcu=accumsan
27,Gabcube,8342 Dayton Center,nisl duis bibendum felis sed interdum venenatis turpis enim blandit mi in porttitor pede,https://blogspot.com/in/tempor.jsp?ac=risus&tellus=praesent&semper=lectus&interdum=vestibulum
28,Yodel,76 Ramsey Drive,suspendisse potenti in eleifend quam a odio in hac habitasse platea dictumst maecenas,https://tuttocitta.it/id/mauris/vulputate.xml?pellentesque=ornare&at=consequat&nulla=lectus&suspendisse=in&potenti=est&cras=risus&in=auctor&purus=sed&eu=tristique&magna=in&vulputate=tempus&luctus=sit&cum=amet&sociis=sem&natoque=fusce&penatibus=consequat&et=nulla
29,JumpXS,12925 Grayhawk Lane,vivamus vel nulla eget eros elementum pellentesque quisque porta volutpat erat,http://goodreads.com/eget/semper/rutrum.jpg?in=sapien&ante=dignissim&vestibulum=vestibulum&ante=vestibulum&ipsum=ante&primis=ipsum&in=primis&faucibus=in&orci=faucibus&luctus=orci&et=luctus&ultrices=et&posuere=ultrices&cubilia=posuere&curae=cubilia&duis=curae&faucibus=nulla&accumsan=dapibus&odio=dolor&curabitur=vel&convallis=est&duis=donec&consequat=odio&dui=justo&nec=sollicitudin&nisi=ut&volutpat=suscipit&eleifend=a&donec=feugiat&ut=et&dolor=eros&morbi=vestibulum&vel=ac&lectus=est&in=lacinia&quam=nisi&fringilla=venenatis&rhoncus=tristique&mauris=fusce&enim=congue&leo=diam&rhoncus=id&sed=ornare&vestibulum=imperdiet&sit=sapien&amet=urna&cursus=pretium&id=nisl&turpis=ut&integer=volutpat&aliquet=sapien&massa=arcu&id=sed&lobortis=augue&convallis=aliquam&tortor=erat&risus=volutpat&dapibus=in&augue=congue&vel=etiam&accumsan=justo&tellus=etiam&nisi=pretium&eu=iaculis&orci=justo&mauris=in&lacinia=hac&sapien=habitasse&quis=platea&libero=dictumst&nullam=etiam&sit=faucibus&amet=cursus&turpis=urna&elementum=ut&ligula=tellus&vehicula=nulla&consequat=ut&morbi=erat&a=id&ipsum=mauris&integer=vulputate&a=elementum&nibh=nullam&in=varius&quis=nulla&justo=facilisi&maecenas=cras&rhoncus=non&aliquam=velit&lacus=nec&morbi=nisi&quis=vulputate&tortor=nonummy&id=maecenas&nulla=tincidunt&ultrices=lacus&aliquet=at
30,Centidel,71862 Melvin Center,sagittis nam congue risus semper porta volutpat quam pede lobortis ligula sit amet eleifend pede libero quis orci,https://webs.com/velit/id/pretium/iaculis/diam.jsp?donec=massa&dapibus=id&duis=lobortis&at=convallis&velit=tortor&eu=risus&est=dapibus&congue=augue&elementum=vel&in=accumsan&hac=tellus&habitasse=nisi&platea=eu&dictumst=orci&morbi=mauris&vestibulum=lacinia&velit=sapien&id=quis&pretium=libero&iaculis=nullam&diam=sit&erat=amet&fermentum=turpis&justo=elementum&nec=ligula&condimentum=vehicula&neque=consequat&sapien=morbi&placerat=a&ante=ipsum&nulla=integer&justo=a&aliquam=nibh&quis=in&turpis=quis&eget=justo&elit=maecenas&sodales=rhoncus&scelerisque=aliquam&mauris=lacus&sit=morbi&amet=quis&eros=tortor&suspendisse=id&accumsan=nulla&tortor=ultrices&quis=aliquet&turpis=maecenas&sed=leo&ante=odio&vivamus=condimentum&tortor=id&duis=luctus&mattis=nec&egestas=molestie&metus=sed&aenean=justo&fermentum=pellentesque&donec=viverra&ut=pede&mauris=ac&eget=diam&massa=cras&tempor=pellentesque&convallis=volutpat&nulla=dui&neque=maecenas&libero=tristique&convallis=est&eget=et&eleifend=tempus&luctus=semper&ultricies=est&eu=quam&nibh=pharetra&quisque=magna&id=ac&justo=consequat&sit=metus&amet=sapien&sapien=ut&dignissim=nunc&vestibulum=vestibulum&vestibulum=ante&ante=ipsum&ipsum=primis&primis=in&in=faucibus&faucibus=orci&orci=luctus&luctus=et
31,Bluezoom,49183 Trailsway Pass,integer a nibh in quis justo maecenas rhoncus aliquam lacus morbi quis tortor id,https://mysql.com/condimentum/curabitur/in/libero.html?et=et&eros=magnis&vestibulum=dis&ac=parturient&est=montes&lacinia=nascetur&nisi=ridiculus&venenatis=mus&tristique=etiam&fusce=vel&congue=augue&diam=vestibulum&id=rutrum&ornare=rutrum&imperdiet=neque&sapien=aenean&urna=auctor&pretium=gravida&nisl=sem&ut=praesent&volutpat=id&sapien=massa&arcu=id&sed=nisl&augue=venenatis&aliquam=lacinia&erat=aenean&volutpat=sit
32,Mymm,1024 Manitowish Pass,in hac habitasse platea dictumst morbi vestibulum velit id pretium iaculis diam erat fermentum justo nec,http://gravatar.com/ipsum/primis/in/faucibus.png?eros=gravida&suspendisse=nisi&accumsan=at&tortor=nibh&quis=in&turpis=hac&sed=habitasse&ante=platea&vivamus=dictumst&tortor=aliquam&duis=augue&mattis=quam&egestas=sollicitudin&metus=vitae&aenean=consectetuer&fermentum=eget&donec=rutrum&ut=at&mauris=lorem&eget=integer&massa=tincidunt&tempor=ante&convallis=vel&nulla=ipsum&neque=praesent&libero=blandit
33,Tagtune,9 Southridge Way,non interdum in ante vestibulum ante ipsum primis in faucibus orci luctus et ultrices posuere cubilia curae duis,https://virginia.edu/quis.aspx?nulla=aliquam&tellus=sit&in=amet&sagittis=diam&dui=in
34,Zoomcast,62 Schmedeman Pass,in est risus auctor sed tristique in tempus sit amet sem fusce,http://1und1.de/accumsan/odio/curabitur.png?vel=magna&sem=at&sed=nunc&sagittis=commodo&nam=placerat&congue=praesent&risus=blandit&semper=nam&porta=nulla&volutpat=integer&quam=pede&pede=justo&lobortis=lacinia&ligula=eget&sit=tincidunt&amet=eget&eleifend=tempus&pede=vel&libero=pede&quis=morbi&orci=porttitor&nullam=lorem&molestie=id&nibh=ligula&in=suspendisse&lectus=ornare&pellentesque=consequat&at=lectus&nulla=in&suspendisse=est&potenti=risus&cras=auctor&in=sed&purus=tristique&eu=in&magna=tempus&vulputate=sit&luctus=amet&cum=sem&sociis=fusce&natoque=consequat&penatibus=nulla&et=nisl&magnis=nunc&dis=nisl&parturient=duis&montes=bibendum&nascetur=felis&ridiculus=sed&mus=interdum&vivamus=venenatis&vestibulum=turpis&sagittis=enim&sapien=blandit&cum=mi&sociis=in&natoque=porttitor&penatibus=pede&et=justo
35,Latz,4724 Waxwing Parkway,consectetuer adipiscing elit proin risus praesent lectus vestibulum quam sapien varius,http://abc.net.au/sapien/ut/nunc/vestibulum.xml?in=at&eleifend=nunc&quam=commodo&a=placerat&odio=praesent&in=blandit&hac=nam
36,Brainverse,8 Scofield Parkway,nulla tellus in sagittis dui vel nisl duis ac nibh fusce lacus purus aliquet at feugiat non pretium,https://nsw.gov.au/faucibus/cursus/urna/ut/tellus/nulla/ut.png?orci=urna&mauris=ut&lacinia=tellus&sapien=nulla&quis=ut&libero=erat&nullam=id&sit=mauris&amet=vulputate&turpis=elementum&elementum=nullam&ligula=varius&vehicula=nulla&consequat=facilisi&morbi=cras&a=non&ipsum=velit&integer=nec&a=nisi&nibh=vulputate&in=nonummy&quis=maecenas&justo=tincidunt&maecenas=lacus&rhoncus=at&aliquam=velit&lacus=vivamus&morbi=vel&quis=nulla&tortor=eget&id=eros&nulla=elementum&ultrices=pellentesque&aliquet=quisque&maecenas=porta&leo=volutpat&odio=erat&condimentum=quisque&id=erat&luctus=eros&nec=viverra&molestie=eget&sed=congue&justo=eget&pellentesque=semper&viverra=rutrum&pede=nulla&ac=nunc&diam=purus&cras=phasellus
37,Buzzster,232 Thierer Center,vulputate ut ultrices vel augue vestibulum ante ipsum primis in faucibus orci luctus et,https://google.com.br/faucibus/orci/luctus/et/ultrices/posuere.aspx?pretium=ut&quis=rhoncus&lectus=aliquet&suspendisse=pulvinar&potenti=sed&in=nisl&eleifend=nunc&quam=rhoncus&a=dui&odio=vel&in=sem&hac=sed&habitasse=sagittis&platea=nam&dictumst=congue&maecenas=risus&ut=semper&massa=porta&quis=volutpat&augue=quam&luctus=pede&tincidunt=lobortis&nulla=ligula&mollis=sit
38,Meezzy,39674 Rieder Street,et commodo vulputate justo in blandit ultrices enim lorem ipsum dolor sit amet consectetuer adipiscing elit proin,http://studiopress.com/duis/consequat/dui/nec/nisi/volutpat.jsp?in=nulla&tempor=eget&turpis=eros&nec=elementum&euismod=pellentesque&scelerisque=quisque&quam=porta&turpis=volutpat&adipiscing=erat&lorem=quisque&vitae=erat&mattis=eros&nibh=viverra&ligula=eget&nec=congue&sem=eget&duis=semper&aliquam=rutrum&convallis=nulla&nunc=nunc&proin=purus&at=phasellus
39,Skinix,6 Vera Pass,nulla tellus in sagittis dui vel nisl duis ac nibh fusce lacus purus,http://wsj.com/in/lectus.jsp?auctor=leo&sed=rhoncus&tristique=sed&in=vestibulum&tempus=sit&sit=amet&amet=cursus&sem=id&fusce=turpis&consequat=integer&nulla=aliquet&nisl=massa&nunc=id&nisl=lobortis&duis=convallis&bibendum=tortor&felis=risus&sed=dapibus&interdum=augue&venenatis=vel&turpis=accumsan&enim=tellus&blandit=nisi&mi=eu&in=orci&porttitor=mauris&pede=lacinia&justo=sapien&eu=quis&massa=libero&donec=nullam&dapibus=sit&duis=amet&at=turpis&velit=elementum&eu=ligula
40,Roodel,8454 Cottonwood Parkway,sed nisl nunc rhoncus dui vel sem sed sagittis nam congue risus,https://indiegogo.com/vestibulum/ac/est/lacinia.jpg?lectus=suscipit&pellentesque=a&at=feugiat&nulla=et&suspendisse=eros&potenti=vestibulum&cras=ac&in=est&purus=lacinia
41,Buzzbean,45514 Colorado Center,ut volutpat sapien arcu sed augue aliquam erat volutpat in congue etiam justo etiam pretium iaculis justo in hac,http://uol.com.br/potenti/nullam/porttitor/lacus/at/turpis.jpg?amet=eget&sapien=elit&dignissim=sodales&vestibulum=scelerisque&vestibulum=mauris&ante=sit&ipsum=amet&primis=eros&in=suspendisse&faucibus=accumsan&orci=tortor&luctus=quis&et=turpis&ultrices=sed&posuere=ante&cubilia=vivamus&curae=tortor&nulla=duis&dapibus=mattis&dolor=egestas&vel=metus&est=aenean&donec=fermentum&odio=donec&justo=ut&sollicitudin=mauris&ut=eget&suscipit=massa&a=tempor&feugiat=convallis&et=nulla&eros=neque&vestibulum=libero&ac=convallis&est=eget&lacinia=eleifend&nisi=luctus&venenatis=ultricies&tristique=eu&fusce=nibh&congue=quisque&diam=id&id=justo&ornare=sit&imperdiet=amet&sapien=sapien&urna=dignissim&pretium=vestibulum&nisl=vestibulum&ut=ante&volutpat=ipsum&sapien=primis&arcu=in
42,Devpulse,83606 Delaware Road,in felis donec semper sapien a libero nam dui proin,http://photobucket.com/in/tempor/turpis/nec/euismod.xml?nulla=in&facilisi=porttitor&cras=pede&non=justo&velit=eu&nec=massa&nisi=donec&vulputate=dapibus&nonummy=duis&maecenas=at&tincidunt=velit&lacus=eu&at=est&velit=congue&vivamus=elementum&vel=in&nulla=hac&eget=habitasse&eros=platea&elementum=dictumst&pellentesque=morbi&quisque=vestibulum&porta=velit&volutpat=id&erat=pretium&quisque=iaculis&erat=diam&eros=erat&viverra=fermentum&eget=justo&congue=nec&eget=condimentum&semper=neque&rutrum=sapien&nulla=placerat&nunc=ante&purus=nulla&phasellus=justo&in=aliquam&felis=quis&donec=turpis&semper=eget&sapien=elit&a=sodales&libero=scelerisque&nam=mauris&dui=sit&proin=amet&leo=eros
43,Devshare,2 Sheridan Park,non interdum in ante vestibulum ante ipsum primis in faucibus orci,http://nature.com/libero/nullam/sit.png?amet=nulla&diam=integer&in=pede&magna=justo&bibendum=lacinia&imperdiet=eget&nullam=tincidunt&orci=eget&pede=tempus&venenatis=vel&non=pede&sodales=morbi&sed=porttitor&tincidunt=lorem&eu=id&felis=ligula&fusce=suspendisse&posuere=ornare&felis=consequat&sed=lectus&lacus=in&morbi=est&sem=risus&mauris=auctor&laoreet=sed&ut=tristique&rhoncus=in&aliquet=tempus&pulvinar=sit&sed=amet&nisl=sem&nunc=fusce&rhoncus=consequat&dui=nulla&vel=nisl&sem=nunc&sed=nisl&sagittis=duis&nam=bibendum&congue=felis&risus=sed&semper=interdum&porta=venenatis&volutpat=turpis&quam=enim&pede=blandit&lobortis=mi&ligula=in&sit=porttitor&amet=pede&eleifend=justo&pede=eu&libero=massa&quis=donec&orci=dapibus&nullam=duis&molestie=at&nibh=velit&in=eu&lectus=est&pellentesque=congue&at=elementum&nulla=in&suspendisse=hac&potenti=habitasse&cras=platea&in=dictumst&purus=morbi&eu=vestibulum&magna=velit&vulputate=id&luctus=pretium&cum=iaculis&sociis=diam&natoque=erat&penatibus=fermentum&et=justo&magnis=nec&dis=condimentum&parturient=neque&montes=sapien&nascetur=placerat&ridiculus=ante&mus=nulla
44,Kwimbee,2 Lukken Place,vestibulum velit id pretium iaculis diam erat fermentum justo nec condimentum neque sapien placerat ante nulla justo,http://weebly.com/rhoncus/aliquam/lacus/morbi/quis.jsp?non=congue&ligula=eget&pellentesque=semper&ultrices=rutrum&phasellus=nulla&id=nunc&sapien=purus&in=phasellus&sapien=in&iaculis=felis&congue=donec&vivamus=semper&metus=sapien&arcu=a&adipiscing=libero&molestie=nam&hendrerit=dui&at=proin
45,Vinte,56 Hansons Point,orci luctus et ultrices posuere cubilia curae mauris viverra diam vitae quam suspendisse potenti,https://nhs.uk/iaculis/justo/in/hac.html?ligula=lacinia&in=aenean&lacus=sit&curabitur=amet&at=justo&ipsum=morbi&ac=ut&tellus=odio&semper=cras&interdum=mi&mauris=pede&ullamcorper=malesuada&purus=in&sit=imperdiet&amet=et&nulla=commodo&quisque=vulputate&arcu=justo&libero=in&rutrum=blandit&ac=ultrices&lobortis=enim&vel=lorem&dapibus=ipsum&at=dolor&diam=sit&nam=amet&tristique=consectetuer&tortor=adipiscing
46,Browsetype,61646 Forest Dale Way,nulla nunc purus phasellus in felis donec semper sapien a libero nam dui proin,http://hostgator.com/erat/eros/viverra/eget/congue/eget.aspx?pede=volutpat&lobortis=quam&ligula=pede&sit=lobortis&amet=ligula&eleifend=sit&pede=amet&libero=eleifend&quis=pede
47,Pixope,6 Mariners Cove Point,fusce posuere felis sed lacus morbi sem mauris laoreet ut rhoncus aliquet pulvinar,https://mozilla.com/nam/dui/proin/leo/odio/porttitor/id.json?aenean=sapien&auctor=iaculis&gravida=congue&sem=vivamus&praesent=metus&id=arcu&massa=adipiscing&id=molestie&nisl=hendrerit&venenatis=at&lacinia=vulputate&aenean=vitae&sit=nisl&amet=aenean&justo=lectus&morbi=pellentesque&ut=eget&odio=nunc&cras=donec&mi=quis&pede=orci&malesuada=eget&in=orci&imperdiet=vehicula&et=condimentum&commodo=curabitur&vulputate=in&justo=libero&in=ut&blandit=massa&ultrices=volutpat&enim=convallis&lorem=morbi&ipsum=odio&dolor=odio&sit=elementum&amet=eu&consectetuer=interdum&adipiscing=eu&elit=tincidunt
48,Shufflebeat,2080 Melvin Park,quis justo maecenas rhoncus aliquam lacus morbi quis tortor id nulla ultrices aliquet maecenas leo,https://thetimes.co.uk/nulla.png?turpis=nisl&adipiscing=nunc&lorem=rhoncus&vitae=dui&mattis=vel&nibh=sem&ligula=sed&nec=sagittis&sem=nam&duis=congue&aliquam=risus&convallis=semper&nunc=porta&proin=volutpat&at=quam&turpis=pede&a=lobortis&pede=ligula&posuere=sit&nonummy=amet&integer=eleifend&non=pede&velit=libero&donec=quis&diam=orci&neque=nullam&vestibulum=molestie&eget=nibh&vulputate=in&ut=lectus&ultrices=pellentesque&vel=at&augue=nulla&vestibulum=suspendisse&ante=potenti&ipsum=cras&primis=in&in=purus&faucibus=eu&orci=magna&luctus=vulputate&et=luctus&ultrices=cum&posuere=sociis&cubilia=natoque&curae=penatibus&donec=et&pharetra=magnis&magna=dis&vestibulum=parturient&aliquet=montes&ultrices=nascetur&erat=ridiculus&tortor=mus&sollicitudin=vivamus&mi=vestibulum&sit=sagittis&amet=sapien&lobortis=cum&sapien=sociis&sapien=natoque
49,Gabvine,0691 Anzinger Avenue,posuere felis sed lacus morbi sem mauris laoreet ut rhoncus aliquet pulvinar sed nisl nunc rhoncus dui,https://seattletimes.com/sem.png?enim=eu&in=magna&tempor=vulputate&turpis=luctus&nec=cum&euismod=sociis&scelerisque=natoque&quam=penatibus&turpis=et&adipiscing=magnis&lorem=dis&vitae=parturient&mattis=montes&nibh=nascetur&ligula=ridiculus&nec=mus&sem=vivamus&duis=vestibulum&aliquam=sagittis&convallis=sapien&nunc=cum&proin=sociis&at=natoque&turpis=penatibus&a=et&pede=magnis&posuere=dis&nonummy=parturient&integer=montes&non=nascetur&velit=ridiculus&donec=mus&diam=etiam&neque=vel&vestibulum=augue&eget=vestibulum&vulputate=rutrum&ut=rutrum&ultrices=neque&vel=aenean&augue=auctor&vestibulum=gravida&ante=sem&ipsum=praesent&primis=id&in=massa&faucibus=id&orci=nisl&luctus=venenatis&et=lacinia&ultrices=aenean&posuere=sit&cubilia=amet&curae=justo&donec=morbi&pharetra=ut&magna=odio
50,Skyba,4 Ramsey Way,consequat nulla nisl nunc nisl duis bibendum felis sed interdum venenatis turpis enim,http://lulu.com/pharetra/magna.json?non=eu&ligula=magna&pellentesque=vulputate&ultrices=luctus&phasellus=cum&id=sociis&sapien=natoque&in=penatibus&sapien=et&iaculis=magnis&congue=dis&vivamus=parturient&metus=montes&arcu=nascetur&adipiscing=ridiculus&molestie=mus&hendrerit=vivamus&at=vestibulum&vulputate=sagittis&vitae=sapien&nisl=cum&aenean=sociis&lectus=natoque&pellentesque=penatibus&eget=et&nunc=magnis&donec=dis&quis=parturient&orci=montes&eget=nascetur&orci=ridiculus&vehicula=mus&condimentum=etiam&curabitur=vel&in=augue&libero=vestibulum&ut=rutrum&massa=rutrum&volutpat=neque&convallis=aenean&morbi=auctor&odio=gravida&odio=sem&elementum=praesent&eu=id&interdum=massa&eu=id&tincidunt=nisl&in=venenatis&leo=lacinia&maecenas=aenean&pulvinar=sit&lobortis=amet&est=justo&phasellus=morbi&sit=ut&amet=odio&erat=cras&nulla=mi&tempus=pede&vivamus=malesuada&in=in&felis=imperdiet&eu=et
